extractor_id,condition,task_type,financebench_id,question,gold_answer,formula,n_vars,computed,executed,match_units,fail_reason,extractor_raw,support_probability,verbalized_confidence,parsed_answer,weak_match_raw,weak_match_answer,numeric_match_answer,refusal,confidence,brier,overconfident_wrong
nvidia/Nemotron-Mini-4B-Instruct,tool_program,guidance_delta,financebench_id_01476,"As of FY2023Q1, by how many percentage points did Pepsico raise full year guidance in respect of core constant currency EPS growth?",Pepsico raised full year guidance in respect of core constant currency EPS growth by 1 percentage point.,full_year_guidance_change / core_constant_currency_eps_growth_previous * 100,3,12.5%,True,False,,"{""variables"": {""full_year_guidance_change"": 1, ""core_constant_currency_eps_growth_previous"": 8, ""core_constant_currency_eps_growth_new"": 9}, ""formula"": ""full_year_guidance_change / core_constant_currency_eps_growth_previous * 100"", ""unit"": ""percent""}",1.0,0.8,12.5%,True,False,False,False,1.0,1.0,True
nvidia/Nemotron-Mini-4B-Instruct,tool_program,cash_flow_category_selection,financebench_id_01163,"Among operations, investing, and financing activities, which brought in the most (or lost the least) cash flow for Nike in FY2023?","Among the three, cash flow from operations was the highest for Nike in FY2023.",,0,,False,False,no_program_parsed,"{""variables"": {""net_income"": 5070, ""depreciation"": 703, ""deferred_income_taxes"": -117, ""stock_based_compensation"": 755, ""amortization_impairment_other"": 156, ""net_foreign_currency_adjustments"": -213, ""changes_in_certain_working_capital_components_and_other_assets_and_liabilities"": -489, -133, -644, -225, ""purchases_of_short_term_investments"": -6059, ""maturities_of_short_term_investments"": 3356, ""sales_of_short_term_investments"": 4184, ""additions_to_property_plant_and_equipment"": -969, ""other_investing_activities"": 52, ""increase_decrease_in_notes_payable_net"": -4, ""repayment_of_borrowings"": -50",0.0,,INSUFFICIENT_EVIDENCE,False,False,False,True,0.0,0.0,False
nvidia/Nemotron-Mini-4B-Instruct,tool_program,period_comparison,financebench_id_01484,How did JnJ's US sales growth compare to international sales growth in FY2022?,US sales increased 3.0% vs international sales decline of 0.6%.,reported_operational - international,3,14.4%,True,False,,"{""variables"": {""reported_operational"": 2.9, ""international"": -11.5, ""full_year_reported_operational"": 3.0}, ""formula"": ""reported_operational - international"", ""unit"": ""percent""}",0.667,0.8,14.4%,False,False,False,False,0.667,0.44488900000000003,False
nvidia/Nemotron-Mini-4B-Instruct,tool_program,ratio_calculation,financebench_id_01491,"What is the amount of the cash proceeds that JnJ realised from the separation of Kenvue (formerly Consumer Health business segment), as of August 30, 2023?",JnJ realised $13.2 billion in cash proceeds from the separation of Kenvue.,cash_proceeds / outstanding_share_count * 100,2,6911.0%,True,False,,"{""variables"": {""cash_proceeds"": 13200000000, ""outstanding_share_count"": 191000000}, ""formula"": ""cash_proceeds / outstanding_share_count * 100"", ""unit"": ""percent""}",0.0,0.9,6911.0%,False,False,False,False,0.0,0.0,False
nvidia/Nemotron-Mini-4B-Instruct,tool_program,ratio_calculation,financebench_id_00685,"Are Best Buy's gross margins historically consistent (not fluctuating more than roughly 2% each year)? If gross margins are not a relevant metric for a company like this, then please state that and explain why.","Yes, the margins have been consistent, there has been a minor decline of 1.1% in gross margins between FY2022 and FY2023.",gross_profit / revenue * 100 - selling_general_and_administrative_expenses / revenue * 100,11,4.19457,True,False,,"{""variables"": {""revenue"": 46298, ""cost_of_sales"": 36386, ""gross_profit"": 9912, ""selling_general_and_administrative_expenses"": 7970, ""restructuring_charges"": 147, ""operating_income"": 1795, ""other_income"": 0, ""interest_expense"": -35, ""earnings_before_income_tax_expense_and_equity_in_income_of_affiliates"": 1788, ""income_tax_expense"": 370, ""equity_in_income_of_affiliates"": 1}, ""formula"": ""gross_profit / revenue * 100 - selling_general_and_administrative_expenses / revenue * 100"", ""unit"": ""%""}",0.909,0.9,4.19457,False,False,False,False,0.909,0.826281,True
nvidia/Nemotron-Mini-4B-Instruct,tool_program,line_item_lookup,financebench_id_01935,What was the key agenda of the AMCOR's 8k filing dated 1st July 2022?,"Amcor Finance (USA), Inc. and Amcor Flexibles North America, Inc., entered into supplemental indentures relating to Guaranteed Senior Notes due 2026 and 2028. This involved the substitution of the Substitute Issuer (Amcor Flexibles North America) for the Former Issuer (Amcor Finance) and the assumption of covenants under the indentures. (In essence a novation agreement)",,0,,False,False,no_program_parsed,"{""variables"": {}, ""formula"": """", ""unit"": ""none""}",0.0,,INSUFFICIENT_EVIDENCE,False,False,False,True,0.0,0.0,False
nvidia/Nemotron-Mini-4B-Instruct,tool_program,generic_financial_qa,financebench_id_01077,"What are major acquisitions that Best Buy has done in FY2023, FY2022 and FY2021?","Best Buy closed two acquisitions, both these companies were already partially owned by Best Buy, but Best Buy acquired all outstanding shares of these two companies during FY 2022: (1) Current Health Ltd and (2) Two Peaks, LLC d/b/a Yardbird Furniture",,0,,False,False,no_program_parsed,"{""variables"": {}, ""formula"": """", ""unit"": ""none""}",0.0,,INSUFFICIENT_EVIDENCE,False,False,False,True,0.0,0.0,False
nvidia/Nemotron-Mini-4B-Instruct,tool_program,line_item_lookup,financebench_id_10285,"We need to calculate a financial metric by using information only provided within the balance sheet. Please answer the following question: what is Boeing's year end FY2018 net property, plant, and equipment (in USD millions)?",$12645.00,property_plant_and_equipment_net,13,12645,True,True,,"{""variables"": {""cash_and_cash_equivalents"": 7637, ""short_term_and_other_investments"": 927, ""accounts_receivable_net"": 3879, ""unbilled_receivables_net"": 10025, ""current_portion_of_customer_financing_net"": 460, ""inventories"": 62567, ""other_current_assets"": 2335, ""property_plant_and_equipment_net"": 12645, ""goodwill"": 7840, ""acquired_intangible_assets_net"": 3429, ""deferred_income_taxes"": 284, ""investments"": 1087, ""other_assets_net_of_accumulated_amortization"": 1826}, ""formula"": ""property_plant_and_equipment_net"", ""unit"": ""USD millions""}",1.0,0.9,12645,True,True,True,False,1.0,0.0,False
nvidia/Nemotron-Mini-4B-Instruct,tool_program,ratio_calculation,financebench_id_00807,"Does 3M have a reasonably healthy liquidity profile based on its quick ratio for Q2 of FY2023? If the quick ratio is not relevant to measure liquidity, please state that and explain why.","No. The quick ratio for 3M was 0.96 by Jun'23 close, which needs a bit of an improvement to touch the 1x mark",,0,,False,False,no_program_parsed,"{""variables"": {""cash_and_cash_equivalents"": 4258, ""marketable_securities_current"": 56, ""accounts_receivable_net_of_allowances"": 4947, ""inventories_finished_goods"": 2526, ""inventories_work_in_process"": 1527, ""inventories_raw_materials_and_supplies"": 1227, ""prepaids"": 674, ""other_current_assets"": 539, ""property_plant_and_equipment"": 26459, ""property_plant_and_equipment_less_accumulated_depreciation"": 17248, ""operating_lease_right_of_use_assets"": 812, ""goodwill"": 12869, ""intangible_assets_net"": 4470, ""other_assets"": 5764}, ""formula"": ""accounts_receivable_net_of_allowances / (inventories_finished_",0.0,,INSUFFICIENT_EVIDENCE,False,False,False,True,0.0,0.0,False
nvidia/Nemotron-Mini-4B-Instruct,tool_program,generic_financial_qa,financebench_id_00407,Which type of debt received the largest investment among the short term investments for MGM in H1 FY2023?,the biggest short term investment is in corporate bonds (almost 82% of the total investment),mgm_short_term_investments_corporate_bonds_level_2,8,416420,True,False,,"{""variables"": {""mgm_cash_and_cash_equivalents_money_market_funds_level_1"": 2195, ""mgm_cash_and_cash_equivalents_cash_and_cash_equivalents"": 18001, ""mgm_short_term_investments_us_government_securities_level_1"": 57696, ""mgm_short_term_investments_us_agency_securities_level_2"": 29049, ""mgm_short_term_investments_commercial_paper_and_certificates_of_deposit_level_2"": 4561, ""mgm_short_term_investments_corporate_bonds_level_2"": 416420, ""mgm_total_debt_investments"": 509921, ""mgm_total_short_term_investments"": 284706}, ""formula"": ""mgm_short_term_investments_corporate_bonds_level_2"", ""unit"": ""thousands",1.0,0.9,416420,False,False,False,False,1.0,1.0,True
nvidia/Nemotron-Mini-4B-Instruct,tool_program,ratio_calculation,financebench_id_04302,"We need to calculate a reasonable approximation (or exact number if possible) of a financial metric. Basing your judgment by information plainly provided in the statement of income, what is Nike's three year average of cost of goods sold as a % of revenue from FY2016 to FY2018? Answer in units of percents and round to one decimal place.",55.1%,cost_of_goods_sold / revenue * 100,2,53.8%,True,False,,"{""variables"": {""cost_of_goods_sold"": 17405, ""revenue"": 32376}, ""formula"": ""cost_of_goods_sold / revenue * 100"", ""unit"": ""percent""}",1.0,0.9,53.8%,False,False,False,False,1.0,1.0,True
nvidia/Nemotron-Mini-4B-Instruct,tool_program,ratio_calculation,financebench_id_00678,"Does Boeing have an improving gross margin profile as of FY2022? If gross margin is not a useful metric for a company like this, then state that and explain why.","Yes. Boeing has an improving gross margin profile as of FY2022. Gross profit improved from $3,017 million in FY2021 to $3,502 million in FY2022. Gross margin % improved from 4.8% in FY2021 to 5.3% in FY2022.",gross_margin = (sales_of_products - cost_of_products) / sales_of_products + (sales_of_services - cost_of_services) / sales_of_services,6,,False,False,formula_did_not_execute,"{""variables"": {""sales_of_products"": 55893, ""sales_of_services"": 10715, ""total_revenues"": 66608, ""cost_of_products"": 53969, ""cost_of_services"": 9109, ""boeing_capital_interest_expense"": -28}, ""formula"": ""gross_margin = (sales_of_products - cost_of_products) / sales_of_products + (sales_of_services - cost_of_services) / sales_of_services"", ""unit"": ""percent""}",0.0,,INSUFFICIENT_EVIDENCE,False,False,False,True,0.0,0.0,False
nvidia/Nemotron-Mini-4B-Instruct,tool_program,line_item_lookup,financebench_id_03031,What is Lockheed Martin's FY2021 net working capital? Define net working capital as total current assets less total current liabilities. Answer in USD millions. Respond to the question by assuming the perspective of an investment analyst who can only use the details shown within the balance sheet.,$5818.00,total_current_assets - total_current_liabilities,16,,False,False,formula_did_not_execute,"{""variables"": {""current_assets"": 19815, ""property_plant_equipment"": 7597, ""goodwill"": 10813, ""intangible_assets"": 2706, ""deferred_income_taxes"": 2290, ""other_noncurrent_assets"": 7652, ""current_liabilities"": 13997, ""long_term_debt"": 11670, ""accrued_pension_liabilities"": 8319, ""other_noncurrent_liabilities"": 5928, ""total_liabilities"": 39914, ""stockholders_equity"": 10959, ""common_stock"": 271, ""additional_paid_in_capital"": 94, ""retained_earnings"": 21600, ""accumulated_other_comprehensive_loss"": -11006}, ""formula"": ""total_current_assets - total_current_liabilities"", ""unit"": ""USD millions""}",0.0,,INSUFFICIENT_EVIDENCE,False,False,False,True,0.0,0.0,False
nvidia/Nemotron-Mini-4B-Instruct,tool_program,period_comparison,financebench_id_01107,"Has CVS Health reported any materially important ongoing legal battles from 2022, 2021 and 2020?","Yes, CVS Health has been involved in multiple ongoing legal battles. Some notable legal dispute areas for CVS are: (1) usual and customary pricing litigation: where it's claimed that CVSâs retail pharmacies overcharged for prescription drugs; (2) PBM litigation and investigations: where it's claimed that that rebate agreements between the drug manufacturers and PBMs caused inflated prices for certain drug products; and (3) controlled substances litigation: legal matters around opioids for which CVS has agreed to pay up to $4.3 billion to claimants in remediation and $625 million to attorneys and fees",,0,,False,False,no_program_parsed,"{""variables"": {}, ""formula"": """", ""unit"": ""none""}",0.0,,INSUFFICIENT_EVIDENCE,False,False,False,True,0.0,0.0,False
nvidia/Nemotron-Mini-4B-Instruct,tool_program,ratio_calculation,financebench_id_00216,"Does Verizon have a reasonably healthy liquidity profile based on its quick ratio for FY 2022? If the quick ratio is not relevant to measure liquidity, please state that and explain why.",No. The quick ratio was approximately 0.54 for Verizon. It indicated that Verizon does not have a healthy liquidity profile.,accounts_receivable - debt_maturing_within_one_year - cash_and_cash_equivalents + inventory + prepaid_expenses_and_other - goodwill - other_assets - operating_lease_right_of_use_assets - other_current_liabilities,12,,False,False,formula_did_not_execute,"{""variables"": {""accounts_receivable"": 25332, ""cash_and_cash_equivalents"": 2605, ""debt_maturing_within_one_year"": 9963, ""goodwill"": 28671, ""inventory"": 2388, ""operating_lease_right_of_use_assets"": 26130, ""other_assets"": 17260, ""other_current_liabilities"": 12097, ""property_plant_and_equipment"": 307689, ""property_plant_and_equipment_net"": 107434, ""total_current_assets"": 37857, ""total_current_liabilities"": 50171}, ""formula"": ""accounts_receivable - debt_maturing_within_one_year - cash_and_cash_equivalents + inventory + prepaid_expenses_and_other - goodwill - other_assets - operating_lease_right_of_",0.0,,INSUFFICIENT_EVIDENCE,False,False,False,True,0.0,0.0,False
nvidia/Nemotron-Mini-4B-Instruct,tool_program,generic_financial_qa,financebench_id_00382,Which region had the Highest EBITDAR Contribution for MGM during FY2022?,Las Vegas resorts contributed ~90% of company level EBITDAR during FY2022.,"Max(Regional_Operations, MGM_China)",6,,False,False,formula_did_not_execute,"{""variables"": {""Las_Vegas_Strip_Resorts"": 877052, ""Regional_Operations"": 319517, ""MGM_China"": -54979, ""Unconsolidated_affiliates"": -43029, ""Management_and_other_operations"": -3037, ""Corporate"": -113058}, ""formula"": ""Max(Regional_Operations, MGM_China)"", ""unit"": ""None""}",0.0,,INSUFFICIENT_EVIDENCE,False,False,False,True,0.0,0.0,False
nvidia/Nemotron-Mini-4B-Instruct,tool_program,period_comparison,financebench_id_00790,Is CVS Health a capital-intensive business based on FY2022 data?,"Yes, CVS Health requires an extensive asset base to operate, which is evident from its ROA of only 1.82% in 2022 and 3.39% in 2021, though it should be noted that a significant portion of this asset base is goodwill, and CVS's fixed assets/total assets ratio is on the lower side of 5.6%.",operating_income / total_revenue * 100,11,2.4%,True,False,,"{""variables"": {""total_revenue"": 322467, ""operating_income"": 7746, ""cost_of_products_sold"": 196892, ""benefit_costs"": 71281, ""opioid_litigation_charges"": 5803, ""loss_on_assets_held_for_sale"": 2533, ""store_impairments"": 1358, ""goodwill_impairment"": 431, ""interest_expense"": 2287, ""loss_on_early_extinguishment_of_debt"": 452, ""other_income"": -169}, ""formula"": ""operating_income / total_revenue * 100"", ""unit"": ""percent""}",0.909,0.9,2.4%,False,False,False,False,0.909,0.826281,True
nvidia/Nemotron-Mini-4B-Instruct,tool_program,ratio_calculation,financebench_id_00438,"Does Adobe have an improving operating margin profile as of FY2022? If operating margin is not a useful metric for a company like this, then state that and explain why.",No the operating margins of Adobe have recently declined from 36.8% in FY 2021 to 34.6% in FY2022. A drop by 2.2% in a year.,operating_income / total_revenue * 100 - operating_expenses / total_revenue * 100,5,-18.4%,True,False,,"{""variables"": {""total_revenue"": 17606, ""cost_of_revenue"": 2165, ""gross_profit"": 15441, ""operating_expenses"": 9343, ""operating_income"": 6098}, ""formula"": ""operating_income / total_revenue * 100 - operating_expenses / total_revenue * 100"", ""unit"": ""percent""}",1.0,0.8,-18.4%,False,False,False,False,1.0,1.0,True
nvidia/Nemotron-Mini-4B-Instruct,tool_program,period_comparison,financebench_id_06247,What is FY2018 days payable outstanding (DPO) for Walmart? DPO is defined as: 365 * (average accounts payable between FY2017 and FY2018) / (FY2018 COGS + change in inventory between FY2017 and FY2018). Round your answer to two decimal places. Please base your judgments on the information provided primarily in the statement of financial position and the P&L statement.,42.69,current_assets / (current_liabilities + equity) * 100,7,37.4%,True,False,,"{""variables"": {""current_assets"": 59664, ""property_and_equipment"": 107675, ""goodwill"": 18242, ""other_assets_and_deferred_charges"": 11798, ""current_liabilities"": 78521, ""long_term_debt"": 30045, ""equity"": 80822}, ""formula"": ""current_assets / (current_liabilities + equity) * 100"", ""unit"": ""percent""}",1.0,0.9,37.4%,False,False,False,False,1.0,1.0,True
nvidia/Nemotron-Mini-4B-Instruct,tool_program,generic_financial_qa,financebench_id_01936,What is the nature & purpose of AMCOR's restructuring liability as oF Q2 of FY2023 close?,87% of the total restructuring liability is related Employee liabilities.,Restructuring_Costs_Liability_balance_at_June_30_2022 - Restructuring_Costs_Liability_balance_at_December_31_2022,5,25,True,False,,"{""variables"": {""Restructuring_Costs_Liability_balance_at_June_30_2022"": 118, ""Restructuring_Costs_Net_charges_to_earnings"": 2, ""Restructuring_Costs_Cash_paid"": -16, ""Restructuring_Costs_Reversal_of_unused_amounts"": -2, ""Restructuring_Costs_Liability_balance_at_December_31_2022"": 93}, ""formula"": ""Restructuring_Costs_Liability_balance_at_June_30_2022 - Restructuring_Costs_Liability_balance_at_December_31_2022"", ""unit"": ""in millions""}",0.6,0.8,25,False,False,False,False,0.6,0.36,False
nvidia/Nemotron-Mini-4B-Instruct,tool_program,period_comparison,financebench_id_00705,"By how much did Pepsico increase its unsecured five year revolving credit agreement on May 26, 2023?","$400,000,000 increase.",,0,,False,False,no_program_parsed,"{""variables"": {}, ""formula"": """", ""unit"": ""none""}",0.0,,INSUFFICIENT_EVIDENCE,False,False,False,True,0.0,0.0,False
nvidia/Nemotron-Mini-4B-Instruct,tool_program,ratio_calculation,financebench_id_06741,What is the FY2018 - FY2020 3 year average unadjusted EBITDA % margin for Walmart? Define unadjusted EBITDA as unadjusted operating income + depreciation and amortization from the cash flow statement. Answer in units of percents and round to one decimal place. Calculate what was asked by utilizing the line items clearly shown in the P&L statement and the cash flow statement.,6.2%,,0,,False,False,no_program_parsed,"{""variables"": {""consolidated_net_income"": 15201, ""adjustments_to_reconcile_consolidated_net_income_to_net_cash_provided_by_operating_activities"": 10987, ""unrealized_gains_and_losses"": -1886, ""gains_and_losses_for_disposal_of_business_operations"": 15, ""asda_pension_contribution"": -1036, ""deferred_income_taxes"": 320, ""loss_on_extinguishment_of_debt"": 3136, ""other_operating_activities"": 1981, ""receivables_net"": 154, ""inventories"": -300, ""accounts_payable"": -274, ""accrued_liabilities"": 186, ""accrued_income_taxes"": -93, ""net_cash_provided_by_operating_activities"": 25255, ""payments_for_property_and_",0.0,,INSUFFICIENT_EVIDENCE,False,False,False,True,0.0,0.0,False
nvidia/Nemotron-Mini-4B-Instruct,tool_program,generic_financial_qa,financebench_id_01091,Has Boeing reported any materially important ongoing legal battles from FY2022?,Yes. Multiple lawsuits have been filed against Boeing resulting from a 2018 Lion Air crash and a 2019 Ethiopian Airlines crash.,,0,,False,False,no_program_parsed,"{""variables"": {}, ""formula"": """", ""unit"": ""none""}",0.0,,INSUFFICIENT_EVIDENCE,False,False,False,True,0.0,0.0,False
nvidia/Nemotron-Mini-4B-Instruct,tool_program,period_comparison,financebench_id_10130,"Based on the information provided primarily in the balance sheet and the statement of income, what is FY2020 days payable outstanding (DPO) for Corning? DPO is defined as: 365 * (average accounts payable between FY2019 and FY2020) / (FY2020 COGS + change in inventory between FY2019 and FY2020). Round your answer to two decimal places.",63.86,current_assets / (current_liabilities + total_liabilities) * 100,6,,False,False,formula_did_not_execute,"{""variables"": {""current_assets"": 8004, ""property_plant_and_equipment"": 15742, ""goodwill"": 2460, ""other_intangible_assets"": 1308, ""deferred_income_taxes"": 1121, ""other_assets"": 2140}, ""formula"": ""current_assets / (current_liabilities + total_liabilities) * 100"", ""unit"": ""percent""}",0.0,,INSUFFICIENT_EVIDENCE,False,False,False,True,0.0,0.0,False
nvidia/Nemotron-Mini-4B-Instruct,tool_program,generic_financial_qa,financebench_id_00288,Was there any drop in Cash & Cash equivalents between FY 2023 and Q2 of FY2024?,"Yes, there was a decline of ~42% between FY2023 and Q2 of FY 2024.",operating_income / total_revenue * 100 - intangible_asset_amortization + restructuring_charges - loss_on_investments + gain_on_sale_of_subsidiary + income_tax_impact_of_non_gaap_adjustments,7,-14.0%,True,False,,"{""variables"": {""operating_income"": 348, ""total_revenue"": 52862, ""intangible_asset_amortization"": 21, ""restructuring_charges"": 7, ""loss_on_investments"": 0.5, ""gain_on_sale_of_subsidiary"": -0.1, ""income_tax_impact_of_non_gaap_adjustments"": -0.06}, ""formula"": ""operating_income / total_revenue * 100 - intangible_asset_amortization + restructuring_charges - loss_on_investments + gain_on_sale_of_subsidiary + income_tax_impact_of_non_gaap_adjustments"", ""unit"": ""percent""}",0.571,0.9,-14.0%,False,False,False,False,0.571,0.32604099999999997,False
nvidia/Nemotron-Mini-4B-Instruct,tool_program,ratio_calculation,financebench_id_01319,What is the quantity of restructuring costs directly outlined in AES Corporation's income statements for FY2022? If restructuring costs are not explicitly outlined then state 0.,0,restructuring_costs,3,,False,False,formula_did_not_execute,"{""variables"": {""total_revenue"": 12617, ""cost_of_sales"": 10069, ""operating_margin"": 2548}, ""formula"": ""restructuring_costs"", ""unit"": ""none""}",0.0,,INSUFFICIENT_EVIDENCE,True,False,False,True,0.0,0.0,False
nvidia/Nemotron-Mini-4B-Instruct,tool_program,ratio_calculation,financebench_id_04481,What is the FY2022 unadjusted EBITDA % margin for PepsiCo? Calculate unadjusted EBITDA using unadjusted operating income and D&A (from cash flow statement). Give a response to the question by relying on the details shown in the statement of cash flows and the P&L statement.,16.5%,,0,,False,False,no_program_parsed,"{""variables"": {""net_income"": 8978, ""depreciation_and_amortization"": 2763, ""gain_associated_with_the_juice_transaction"": -3321, ""impairment_and_other_charges"": 3618, ""operating_lease_right_of_use_asset_amortization"": 517, ""share_based_compensation_expense"": 343, ""restructuring_and_impairment_charges"": 411, ""cash_payments_for_restructuring_charges"": -224, ""acquisition_and_divestiture_related_charges"": 80, ""cash_payments_for_acquisition_and_divestiture_related_charges"": -46, ""pension_and_retiree_medical_plan_expenses"": 419, ""pension_and_retiree_medical_plan_contributions"": -384, ""deferred_income_",0.0,,INSUFFICIENT_EVIDENCE,False,False,False,True,0.0,0.0,False
nvidia/Nemotron-Mini-4B-Instruct,tool_program,line_item_lookup,financebench_id_08286,"By drawing conclusions from the information stated only in the income statement, what is Amazon's FY2019 net income attributable to shareholders (in USD millions)?",$11588.00,,0,,False,False,no_program_parsed,"{""variables"": {""net_product_sales"": 118573, ""net_service_sales"": 59293, ""total_net_sales"": 177866, ""cost_of_sales"": 111934, ""fulfillment"": 25249, ""technology_and_content"": 22620, ""marketing"": 10069, ""general_and_administrative"": 3674, ""other_operating_expense_net"": 214, ""net_income"": 3033, ""interest_income"": 202, ""interest_expense"": -848, ""other_income_net"": 346, ""income_before_income_taxes"": 3806, ""provision_for_income_taxes"": -769, ""equity_method_investment_activity_net_of_tax"": -4, ""basic_earnings_per_share"": 6.32, ""diluted_earnings_per_share"": 6.15}, ""formula"": ""net",0.0,,INSUFFICIENT_EVIDENCE,False,False,False,True,0.0,0.0,False
nvidia/Nemotron-Mini-4B-Instruct,tool_program,line_item_lookup,financebench_id_04700,What is the FY2016 COGS for Microsoft? Please state answer in USD millions. Provide a response to the question by primarily using the statement of income.,$32780.00,operating_income - other_income,8,20613,True,False,,"{""variables"": {""total_revenue"": 85320, ""cost_of_revenue"": 32780, ""gross_margin"": 52540, ""research_and_development"": 11988, ""sales_and_marketing"": 14697, ""general_and_administrative"": 4563, ""operating_income"": 20182, ""other_income"": -431}, ""formula"": ""operating_income - other_income"", ""unit"": ""USD millions""}",0.875,0.9,20613,False,False,False,False,0.875,0.765625,True
nvidia/Nemotron-Mini-4B-Instruct,tool_program,ratio_calculation,financebench_id_01488,"Which business segment of JnJ will be treated as a discontinued operation from August 30, 2023 onward?","The Consumer Health business segment will be treated as a discontinued operation from August 30, 2023 onward.",,0,,False,False,no_program_parsed,"{""variables"": {}, ""formula"": """", ""unit"": ""none""}",0.0,,INSUFFICIENT_EVIDENCE,False,False,False,True,0.0,0.0,False
nvidia/Nemotron-Mini-4B-Instruct,tool_program,period_comparison,financebench_id_00603,What drove the increase in Ulta Beauty's merchandise inventories balance at end of FY2023?,"Increase in Merchandise inventories balance was driven by the opening of 47 new stores. The answer here assumes FY2023 refers to the 12 months ended on January 28, 2023 (although the company refers to this period as its fiscal 2022.",merchandise_inventories_net - merchandise_inventories_net_of_previous_year,2,,False,False,formula_did_not_execute,"{""variables"": {""cash_and_cash_equivalents"": 737.9, ""merchandise_inventories_net"": 1600}, ""formula"": ""merchandise_inventories_net - merchandise_inventories_net_of_previous_year"", ""unit"": ""million""}",0.0,,INSUFFICIENT_EVIDENCE,False,False,False,True,0.0,0.0,False
nvidia/Nemotron-Mini-4B-Instruct,tool_program,line_item_lookup,financebench_id_02119,"If JPM went bankrupted by the end by 2021 Q1 and liquidated all of its assets to pay its shareholders, how much could each shareholder get?",They could receive $66.56 per share.,,0,,False,False,no_program_parsed,"{""variables"": {}, ""formula"": """", ""unit"": ""none""}",0.0,,INSUFFICIENT_EVIDENCE,False,False,False,True,0.0,0.0,False
nvidia/Nemotron-Mini-4B-Instruct,tool_program,ratio_calculation,financebench_id_06272,What is Coca Cola's FY2022 dividend payout ratio (using total cash dividends paid and net income attributable to shareholders)? Round answer to two decimal places. Answer the question asked by assuming you only have access to information clearly displayed in the cash flow statement and the income statement.,0.8,,0,,False,False,no_program_parsed,"{""variables"": {""consolidated_net_income"": 9571, ""depreciation_and_amortization"": 1260, ""stock_based_compensation_expense"": 356, ""deferred_income_taxes"": -122, ""equity_income_loss_net_of_dividends"": -838, ""foreign_currency_adjustments"": 203, ""significant_gains_losses_net"": -129, ""other_operating_charges"": 1086, ""other_items"": 236, ""purchases_of_investments"": -3751, ""proceeds_from_disposals_of_investments"": 4771, ""acquisitions_of_businesses_equity_method_investments_and_nonmarketable_securities"": -73, ""proceeds_from_disposals_of_businesses_equity_method_investments_and_nonmarketable_securities"":",0.0,,INSUFFICIENT_EVIDENCE,False,False,False,True,0.0,0.0,False
nvidia/Nemotron-Mini-4B-Instruct,tool_program,ratio_calculation,financebench_id_04660,"Considering the data in the balance sheet, what is Block's (formerly known as Square) FY2016 working capital ratio? Define working capital ratio as total current assets divided by total current liabilities. Round your answer to two decimal places.",1.73,current_assets / total_liabilities * 100,4,157.7%,True,False,,"{""variables"": {""current_assets"": 1001425, ""current_liabilities"": 577464, ""total_assets"": 1211362, ""total_liabilities"": 635209}, ""formula"": ""current_assets / total_liabilities * 100"", ""unit"": ""percent""}",1.0,0.9,157.7%,False,False,False,False,1.0,1.0,True
nvidia/Nemotron-Mini-4B-Instruct,tool_program,generic_financial_qa,financebench_id_01902,Which Best Buy product category performed the best (by top line) in the domestic (USA) Market during Q2 of FY2024?,"The entertainment segment experienced the highest growth of 9% during Q2 FY2024, primarily from gaming division.",,0,,False,False,no_program_parsed,"{""variables"": {""computing_and_mobile_phones"": 52862 * 0.064, ""consumer_electronics"": 52862 * 0.057, ""appliances"": 52862 * 0.161, ""entertainment"": 52862 * 0.09, ""services"": 52862 * 0.076}, ""formula"": ""max(computing_and_mobile_phones, consumer_electronics, appliances, entertainment, services)"", ""unit"": ""top line (in millions) or none""}",0.0,,INSUFFICIENT_EVIDENCE,False,False,False,True,0.0,0.0,False
nvidia/Nemotron-Mini-4B-Instruct,tool_program,ratio_calculation,financebench_id_03856,What is the FY2017 operating cash flow ratio for Adobe? Operating cash flow ratio is defined as: cash from operations / total current liabilities. Round your answer to two decimal places. Please utilize information provided primarily within the balance sheet and the cash flow statement.,0.83,,0,,False,False,no_program_parsed,"{""variables"": {""net_income"": 1693954, ""depreciation_amortization_and_accretion"": 325997, ""stock_based_compensation"": 451451, ""deferred_income_taxes"": 51605, ""gain_on_sale_of_property"": -21415, ""unrealized_gains_losses_on_investments"": -5494, ""other_non_cash_items"": 4625, ""trade_receivables_net"": -187173, ""prepaid_expenses_and_other_current_assets"": 28040, ""trade_payables"": -45186, ""accrued_expenses"": 154125, ""income_taxes_payable"": -34493, ""deferred_revenue"": 475402, ""purchases_of_short_term_investments"": -1931011, ""maturities_of_short_term_invest",0.0,,INSUFFICIENT_EVIDENCE,False,False,False,True,0.0,0.0,False
nvidia/Nemotron-Mini-4B-Instruct,tool_program,ratio_calculation,financebench_id_00711,Roughly how many times has JnJ sold its inventory in FY2022? Calculate inventory turnover ratio for FY2022; if conventional inventory management is not meaningful for the company then state that and explain why.,JnJ sold its inventory 2.7 times in FY2022.,inventory / sales * 100,2,13.1479,True,False,,"{""variables"": {""inventory"": 12483, ""sales"": 94943}, ""formula"": ""inventory / sales * 100"", ""unit"": ""times""}",1.0,0.9,13.1479,False,False,False,False,1.0,1.0,True
nvidia/Nemotron-Mini-4B-Instruct,tool_program,ratio_calculation,financebench_id_07507,What is Adobe's year-over-year change in unadjusted operating income from FY2015 to FY2016 (in units of percents and round to one decimal place)? Give a solution to the question by using the income statement.,65.4%,,0,,False,False,no_program_parsed,"{""variables"": {""total_revenue"": 5,854,430, ""cost_of_revenue"": 819,908, ""gross_profit"": 5,034,522, ""operating_expenses"": 3,540,920, ""operating_income"": 1,493,602, ""non_operating_income"": -58,464}, ""formula"": ""operating_income / total_revenue * 100"", ""unit"": ""percent""}",0.0,,INSUFFICIENT_EVIDENCE,False,False,False,True,0.0,0.0,False
nvidia/Nemotron-Mini-4B-Instruct,tool_program,ratio_calculation,financebench_id_04412,"We need to calculate a reasonable approximation (or exact number if possible) of a financial metric. Basing your judgment by information plainly provided in the balance sheet and the P&L statement, what is Lockheed Martin's FY2020 asset turnover ratio? Asset turnover ratio is defined as: FY2020 revenue / (average total assets between FY2019 and FY2020). Round your answer to two decimal places.",1.33,current_assets / (property_plant_equipment + goodwill + intangible_assets + deferred_income_taxes + other_noncurrent_assets),11,0.618473,True,False,,"{""variables"": {""current_assets"": 19378, ""property_plant_equipment"": 7213, ""goodwill"": 10806, ""intangible_assets"": 3012, ""deferred_income_taxes"": 3475, ""other_noncurrent_assets"": 6826, ""current_liabilities"": 13933, ""long_term_debt"": 11669, ""accrued_pension_liabilities"": 12874, ""other_noncurrent_liabilities"": 6196, ""stockholders_equity"": 6015}, ""formula"": ""current_assets / (property_plant_equipment + goodwill + intangible_assets + deferred_income_taxes + other_noncurrent_assets)"", ""unit"": ""none""}",1.0,0.9,0.618473,False,False,False,False,1.0,1.0,True
nvidia/Nemotron-Mini-4B-Instruct,tool_program,ratio_calculation,financebench_id_04458,We want to calculate a financial metric. Please help us compute it by basing your answers off of the statement of income and the statement of cash flows. Here's the question: what is the FY2015 unadjusted EBITDA % margin for Netflix? Calculate unadjusted EBITDA using unadjusted operating income and D&A (from cash flow statement).,5.4%,,0,,False,False,no_program_parsed,"{""variables"": {""net_income"": 122641, ""adjustments_to_reconcile_net_income_to_net_cash"": -5771652, ""change_in_streaming_content_liabilities"": 1162413, ""amortization_of_streaming_content_assets"": 3405382, ""amortization_of_dvd_content_assets"": 79380, ""depreciation_and_amortization_of_property_equipment_and_intangibles"": 62283, ""stock_based_compensation_expense"": 124725, ""excess_tax_benefits_from_stock_based_compensation"": -80471, ""other_non_cash_items"": 31628, ""loss_on_extinguishment_of_debt"": -25129, ""deferred_taxes"": -58655, ""other_current_assets"": 18693, ""accounts_payable"": 51615,",0.0,,INSUFFICIENT_EVIDENCE,False,False,False,True,0.0,0.0,False
nvidia/Nemotron-Mini-4B-Instruct,tool_program,period_comparison,financebench_id_06655,What is Amazon's FY2017 days payable outstanding (DPO)? DPO is defined as: 365 * (average accounts payable between FY2016 and FY2017) / (FY2017 COGS + change in inventory between FY2016 and FY2017). Round your answer to two decimal places. Address the question by using the line items and information shown within the balance sheet and the P&L statement.,93.86,DPO = 365 * (average_accounts_payable_between_2016_and_2017) / (FY2017_COGS + change_in_inventory_between_2016_and_2017),12,,False,False,formula_did_not_execute,"{""variables"": {""cost_of_sales"": 71651, ""total_sales"": 107006, ""fulfillment"": 13410, ""marketing"": 5254, ""technology_and_content"": 12540, ""general_and_administrative"": 1747, ""other_operating_expense"": 171, ""inventory"": 11461, ""accounts_receivable"": 8339, ""property_and_equipment"": 29114, ""goodwill"": 3784, ""other_assets"": 4723}, ""formula"": ""DPO = 365 * (average_accounts_payable_between_2016_and_2017) / (FY2017_COGS + change_in_inventory_between_2016_and_2017)"", ""unit"": ""days""}",0.0,,INSUFFICIENT_EVIDENCE,False,False,False,True,0.0,0.0,False
nvidia/Nemotron-Mini-4B-Instruct,tool_program,ratio_calculation,financebench_id_00517,Are there any product categories / service categories that represent more than 20% of Boeing's revenue for FY2022?,"Yes. Boeing has product and service categories that represent more than 20% of Boeing's revenue for FY2022. These categories are Commercial Airplanes which comprises 39% of total revenue, Defence which comprises 35% of total revenue and Services which comprises 26% of total revenue.","max(commercial_airplanes, defense_space_security, global_services) / total_revenues * 100",5,,False,False,formula_did_not_execute,"{""variables"": {""commercial_airplanes"": 25867, ""defense_space_security"": 23162, ""global_services"": 17611, ""boeing_capital"": 199, ""unallocated_items_eliminations_other"": -231}, ""formula"": ""max(commercial_airplanes, defense_space_security, global_services) / total_revenues * 100"", ""unit"": ""percent""}",0.0,,INSUFFICIENT_EVIDENCE,False,False,False,True,0.0,0.0,False
nvidia/Nemotron-Mini-4B-Instruct,tool_program,generic_financial_qa,financebench_id_00499,Is 3M a capital-intensive business based on FY2022 data?,"No, the company is managing its CAPEX and Fixed Assets pretty efficiently, which is evident from below key metrics:
CAPEX/Revenue Ratio: 5.1%
Fixed assets/Total Assets: 20%
Return on Assets= 12.4%",,0,,False,False,no_program_parsed,"{""variables"": {""net_income"": 5791, ""depreciation_and_amortization"": 1831, ""long_lived_and_indefinite_lived_asset_impairment_expense"": 618, ""goodwill_impairment_expense"": 271, ""company_pension_and_postretirement_contributions"": -158, ""company_pension_and_postretirement_expense"": 178, ""stock_based_compensation_expense"": 263, ""gain_on_business_divestitures"": -2724, ""accounts_receivable"": -105, ""inventories"": -629, ""accounts_payable"": 111, ""accrued_income_taxes"": -47, ""other_net"": 854}, ""formula"": ""net_income + depreciation_and_amortization + long_lived_and_indefinite_lived_asset_impairment_expens",0.0,,INSUFFICIENT_EVIDENCE,False,False,False,True,0.0,0.0,False
nvidia/Nemotron-Mini-4B-Instruct,tool_program,ratio_calculation,financebench_id_10499,What is Kraft Heinz's FY2019 inventory turnover ratio? Inventory turnover ratio is defined as: (FY2019 COGS) / (average inventory between FY2018 and FY2019). Round your answer to two decimal places. Please base your judgments on the information provided primarily in the balance sheet and the P&L statement.,6.25,inventory / (average_inventory_between_fy2018_and_fy2019),2,,False,False,formula_did_not_execute,"{""variables"": {""inventory"": 2721, ""total_assets"": 101450}, ""formula"": ""inventory / (average_inventory_between_fy2018_and_fy2019)"", ""unit"": ""turnover_ratio""}",0.0,,INSUFFICIENT_EVIDENCE,False,False,False,True,0.0,0.0,False
nvidia/Nemotron-Mini-4B-Instruct,tool_program,line_item_lookup,financebench_id_10420,"Based on the information provided primarily in the statement of financial position and the statement of income, what is AES's FY2022 return on assets (ROA)? ROA is defined as: FY2022 net income / (average total assets between FY2021 and FY2022). Round your answer to two decimal places.",-0.02,operating_income / total_revenue * 100,0,,False,False,formula_did_not_execute,"{
  ""operating_income"": -169,
  ""total_revenue"": 12617,
  ""formula"": ""operating_income / total_revenue * 100"",
  ""unit"": ""percent""
}",0.0,,INSUFFICIENT_EVIDENCE,True,False,False,True,0.0,0.0,False
nvidia/Nemotron-Mini-4B-Instruct,tool_program,ratio_calculation,financebench_id_03069,"Answer the following question as if you are an equity research analyst and have lost internet connection so you do not have access to financial metric providers. According to the details clearly outlined within the P&L statement and the statement of cash flows, what is the FY2015 depreciation and amortization (D&A from cash flow statement) % margin for AMD?",4.2%,depreciation_and_amortization + stock_based_compensation_expense + non_cash_interest_expense + goodwill_impairment_charge + restructuring_and_other_special_charges_net + net_loss_on_debt_redemptions + other,8,615,True,False,,"{""variables"": {""net_loss"": -660, ""depreciation_and_amortization"": 167, ""stock_based_compensation_expense"": 63, ""non_cash_interest_expense"": 11, ""goodwill_impairment_charge"": 233, ""restructuring_and_other_special_charges_net"": 83, ""net_loss_on_debt_redemptions"": 61, ""other"": -3}, ""formula"": ""depreciation_and_amortization + stock_based_compensation_expense + non_cash_interest_expense + goodwill_impairment_charge + restructuring_and_other_special_charges_net + net_loss_on_debt_redemptions + other"", ""unit"": ""%""}",0.75,0.9,615,False,False,False,False,0.75,0.5625,False
nvidia/Nemotron-Mini-4B-Instruct,tool_program,ratio_calculation,financebench_id_01487,Did JnJ's net earnings as a percent of sales increase in Q2 of FY2023 compared to Q2 of FY2022?,"Yes, net earnings as a percent of sales increased from 20% in Q2 of FY2022 to 20.1% in Q2 of FY2023.",gross_profit / sales_to_customers * 100 - gross_profit / sales_to_customers * 100,8,0.0%,True,False,,"{""variables"": {""sales_to_customers"": 25530, ""cost_of_products_sold"": 8212, ""gross_profit"": 17318, ""selling_marketing_and_administrative_expenses"": 6665, ""research_and_development_expense"": 3829, ""interest_income_expense_net"": -23, ""other_income_expense_net"": -60, ""restructuring"": 145}, ""formula"": ""gross_profit / sales_to_customers * 100 - gross_profit / sales_to_customers * 100"", ""unit"": ""percent""}",0.75,0.0,0.0%,False,False,False,False,0.75,0.5625,False
nvidia/Nemotron-Mini-4B-Instruct,tool_program,generic_financial_qa,financebench_id_00070,"Does American Water Works have positive working capital based on FY2022 data? If working capital is not a useful or relevant metric for this company, then please state that and explain why.","No, American Water Works had negative working capital of -$1561M in FY 2022.",accounts_receivable_net + income_tax_receivable + unbilled_revenues - materials_and_supplies - other,10,313,True,False,,"{""variables"": {""property_plant_equipment"": 29736, ""property_plant_equipment_net"": 23223, ""cash_and_cash_equivalents"": 85, ""restricted_funds"": 32, ""accounts_receivable_net"": 334, ""income_tax_receivable"": 114, ""unbilled_revenues"": 275, ""materials_and_supplies"": 98, ""assets_held_for_sale"": 683, ""other"": 312}, ""formula"": ""accounts_receivable_net + income_tax_receivable + unbilled_revenues - materials_and_supplies - other"", ""unit"": ""millions""}",1.0,0.9,313,False,False,False,False,1.0,1.0,True
nvidia/Nemotron-Mini-4B-Instruct,tool_program,ratio_calculation,financebench_id_00222,"Does AMD have a reasonably healthy liquidity profile based on its quick ratio for FY22? If the quick ratio is not relevant to measure liquidity, please state that and explain why.","Yes. The quick ratio is 1.57, calculated as (cash and cash equivalents+Short term investments+Accounts receivable, net+receivables from related parties)/ (current liabilities).",,0,,False,False,no_program_parsed,"{""variables"": {""cash_and_cash_equivalents"": 4835, ""short_term_investments"": 1020, ""accounts_receivable_net"": 4126, ""inventories"": 3771, ""receivables_from_related_parties"": 2, ""prepaid_expenses_and_other_current_assets"": 1265, ""property_and_equipment_net"": 1513, ""operating_lease_right_of_use_assets"": 460, ""goodwill"": 24177, ""acquisition_related_intangibles"": 24118, ""accounts_payable"": 2493, ""payables_to_related_parties"": 463, ""accrued_liabilities"": 3077, ""current_portion_of_long_term_debt_net"": 312, ""other_current_liabilities"": 336, ""long_term_debt_net_of_current_portion"": 2467, ""long_term_oper",0.0,,INSUFFICIENT_EVIDENCE,False,False,False,True,0.0,0.0,False
nvidia/Nemotron-Mini-4B-Instruct,tool_program,period_comparison,financebench_id_00494,What production rate changes is Boeing forecasting for FY2023?,"Boeing forecasts an increase in the production rates for the 737, 777X and 787 aircrafts in 2023.",787_production_rate + 777X_production_rate + 737_production_rate,2,,False,False,formula_did_not_execute,"{""variables"": {""787_production_rate"": 5, ""777X_production_rate"": """", ""737_production_rate"": 31}, ""formula"": ""787_production_rate + 777X_production_rate + 737_production_rate"", ""unit"": ""per month""}",0.0,,INSUFFICIENT_EVIDENCE,False,False,False,True,0.0,0.0,False
